Variant,ROC_AUC,PR_AUC,F1@0.5,Best_F1,Best_Threshold
X+XGB,0.8722125977696817,0.524269735744896,0.4406779661016949,0.5330739299610895,0.098
Z+XGB,0.9497544112808274,0.8634225777144912,0.8089887640449438,0.814404432132964,0.364
